lastName,firstName,password,id,email
ibczmgy,rrtcc,peaXsUlkE,fa894a84-03ec-403f-881c-ec674aeefea5,ukebxcbw@gmail.com
kfhgsmg,yiaac,iXTMbqyg3,bce34f21-c186-4dbb-8974-d60a7d046709,zohulcdx@gmail.com
nfwpplw,ulyku,wgf4ghCwk,bbb0d8aa-98c5-494b-bb5c-285e8f6e28c2,jbhdtggz@gmail.com
Last,First,Tester123,e39f03fd-8b63-4dfb-9ea1-426ba3c02855,pnkbvsxa@gmail.com
ilkboam,ulsxq,pt1zVqpku,86a7569d-5e62-48be-9777-b97fd121385a,aqzedryp@gmail.com
cedopce,ehmkf,nWWInpYfW,3aef1721-036a-4288-9625-cdd40d9d5e12,oiludaka@gmail.com
test,test,test908,a492dc9c-ff9d-40e4-b167-603f51d1bafb,efg@gmail.com
ipggchp,czchb,8ZN6bLdlm,1b0d22ff-0ffe-48df-ba8c-a8c78d554eef,uvinaigr@gmail.com
Last,First,Tester123,633f5510-7929-4085-a499-2e54acb1648f,ffmjfqha@gmail.com
cidquca,awtll,eAplv6Hfu,cc1c9435-4965-4b6a-bb1a-3f6087c4edfc,txebuopp@gmail.com
fekgruo,qpaja,xCjVbYYUJ,4edcb3a2-45b0-4dc2-99ec-14a5a2e14527,ltdmlfqk@gmail.com
Last,First,Tester123,b45bf0cf-d3df-44c6-ab6a-7d3426054a54,oczirrjc@gmail.com
Peller,Mike,Peller@123,c3e64c16-9488-4a87-9684-cd7a0ea8f4b6,mikepelle22@gmail.com
zrmnvzv,bckgp,ZRpS2lEYZ,3f3cfc8f-77ee-4515-87a1-02ff02c850f0,awrkfkgb@gmail.com
irazygn,hwlzd,VrcDWutG5,f9b4e78a-bd6d-4198-9dac-ce343ef9801f,jxawkini@gmail.com
rykdsll,iekst,1lZyxM8Go,7d4d1076-a580-4ecb-9202-da62ab4be331,mdvmkmzo@gmail.com
